<?xml version="1.0" encoding="UTF-8"?>
<project-private xmlns="http://www.netbeans.org/ns/project-private/1">
    <editor-bookmarks xmlns="http://www.netbeans.org/ns/editor-bookmarks/2" lastBookmarkId="0"/>
    <open-files xmlns="http://www.netbeans.org/ns/projectui-open-files/2">
        <group>
            <file>file:/C:/Users/User/OneDrive/Documents/GitHub/WebDesign/quizSystem/web/index.html</file>
            <file>file:/C:/Users/User/OneDrive/Documents/GitHub/WebDesign/quizSystem/web/login.jsp</file>
            <file>file:/C:/Users/User/OneDrive/Documents/GitHub/WebDesign/quizSystem/src/java/beans/Option.java</file>
            <file>file:/C:/Users/User/OneDrive/Documents/GitHub/WebDesign/quizSystem/src/java/dao/UserDAO.java</file>
            <file>file:/C:/Users/User/OneDrive/Documents/GitHub/WebDesign/quizSystem/src/java/beans/DBConnection.java</file>
            <file>file:/C:/Users/User/OneDrive/Documents/GitHub/WebDesign/quizSystem/web/addQuestions.js</file>
            <file>file:/C:/Users/User/OneDrive/Documents/GitHub/WebDesign/quizSystem/web/editQuestions.js</file>
            <file>file:/C:/Users/User/OneDrive/Documents/GitHub/WebDesign/quizSystem/web/styles.css</file>
            <file>file:/C:/Users/User/OneDrive/Documents/GitHub/WebDesign/quizSystem/web/attemptQuiz.jsp</file>
            <file>file:/C:/Users/User/OneDrive/Documents/GitHub/WebDesign/quizSystem/src/java/beans/AttemptQuizServlet.java</file>
            <file>file:/C:/Users/User/OneDrive/Documents/GitHub/WebDesign/quizSystem/src/java/beans/CreateQuizServlet.java</file>
            <file>file:/C:/Users/User/OneDrive/Documents/GitHub/WebDesign/quizSystem/src/java/beans/GetResultsServlet.java</file>
            <file>file:/C:/Users/User/OneDrive/Documents/GitHub/WebDesign/quizSystem/src/java/beans/ViewQuizDetailsServlet.java</file>
            <file>file:/C:/Users/User/OneDrive/Documents/GitHub/WebDesign/quizSystem/web/viewQuizDetails.jsp</file>
            <file>file:/C:/Users/User/OneDrive/Documents/GitHub/WebDesign/quizSystem/web/viewResults.jsp</file>
            <file>file:/C:/Users/User/OneDrive/Documents/GitHub/WebDesign/quizSystem/src/java/dao/QuestionDAO.java</file>
            <file>file:/C:/Users/User/OneDrive/Documents/GitHub/WebDesign/quizSystem/src/java/dao/OptionDAO.java</file>
            <file>file:/C:/Users/User/OneDrive/Documents/GitHub/WebDesign/quizSystem/src/java/beans/Question.java</file>
            <file>file:/C:/Users/User/OneDrive/Documents/GitHub/WebDesign/quizSystem/src/java/UpdateQuizServlet.java</file>
            <file>file:/C:/Users/User/OneDrive/Documents/GitHub/WebDesign/quizSystem/nbproject/build-impl.xml</file>
            <file>file:/C:/Users/User/OneDrive/Documents/GitHub/WebDesign/quizSystem/web/EditQuestion.jsp</file>
            <file>file:/C:/Users/User/OneDrive/Documents/GitHub/WebDesign/quizSystem/web/addQuestions.jsp</file>
            <file>file:/C:/Users/User/OneDrive/Documents/GitHub/WebDesign/quizSystem/web/createQuiz.jsp</file>
            <file>file:/C:/Users/User/OneDrive/Documents/GitHub/WebDesign/quizSystem/web/errorPage.jsp</file>
            <file>file:/C:/Users/User/OneDrive/Documents/GitHub/WebDesign/quizSystem/web/results.jsp</file>
            <file>file:/C:/Users/User/OneDrive/Documents/GitHub/WebDesign/quizSystem/web/studentDashboard.jsp</file>
            <file>file:/C:/Users/User/OneDrive/Documents/GitHub/WebDesign/quizSystem/web/teacherDashboard.jsp</file>
            <file>file:/C:/Users/User/OneDrive/Documents/GitHub/WebDesign/quizSystem/web/viewAllQuizzes.jsp</file>
            <file>file:/C:/Users/User/OneDrive/Documents/GitHub/WebDesign/quizSystem/src/java/beans/Answer.java</file>
            <file>file:/C:/Users/User/OneDrive/Documents/GitHub/WebDesign/quizSystem/src/java/beans/LoginServlet.java</file>
            <file>file:/C:/Users/User/OneDrive/Documents/GitHub/WebDesign/quizSystem/src/java/beans/Quiz.java</file>
            <file>file:/C:/Users/User/OneDrive/Documents/GitHub/WebDesign/quizSystem/src/java/beans/ResultsServlet.java</file>
            <file>file:/C:/Users/User/OneDrive/Documents/GitHub/WebDesign/quizSystem/src/java/beans/Submission.java</file>
            <file>file:/C:/Users/User/OneDrive/Documents/GitHub/WebDesign/quizSystem/src/java/beans/User.java</file>
            <file>file:/C:/Users/User/OneDrive/Documents/GitHub/WebDesign/quizSystem/src/java/beans/ViewQuizzesServlet.java</file>
            <file>file:/C:/Users/User/OneDrive/Documents/GitHub/WebDesign/quizSystem/src/java/beans/ViewResultsServlet.java</file>
            <file>file:/C:/Users/User/OneDrive/Documents/GitHub/WebDesign/quizSystem/src/java/dao/AnswerDAO.java</file>
            <file>file:/C:/Users/User/OneDrive/Documents/GitHub/WebDesign/quizSystem/src/java/dao/SubmissionDAO.java</file>
            <file>file:/C:/Users/User/OneDrive/Documents/GitHub/WebDesign/quizSystem/src/java/beans/ViewSubmissionsServlet.java</file>
            <file>file:/C:/Users/User/OneDrive/Documents/GitHub/WebDesign/quizSystem/web/viewAvailableQuizzes.jsp</file>
            <file>file:/C:/Users/User/OneDrive/Documents/GitHub/WebDesign/quizSystem/src/java/beans/ViewAvailableQuizzesServlet.java</file>
            <file>file:/C:/Users/User/OneDrive/Documents/GitHub/WebDesign/quizSystem/src/java/dao/QuizDAO.java</file>
            <file>file:/C:/Users/User/OneDrive/Documents/GitHub/WebDesign/quizSystem/src/java/dao/StudentDAO.java</file>
            <file>file:/C:/Users/User/OneDrive/Documents/GitHub/WebDesign/quizSystem/src/java/beans/SubmittedQuiz.java</file>
            <file>file:/C:/Users/User/OneDrive/Documents/GitHub/WebDesign/quizSystem/web/teacherViewSubmission.jsp</file>
            <file>file:/C:/Users/User/OneDrive/Documents/GitHub/WebDesign/quizSystem/web/register.jsp</file>
            <file>file:/C:/Users/User/OneDrive/Documents/GitHub/WebDesign/quizSystem/src/java/DeleteQuestionServlet.java</file>
            <file>file:/C:/Users/User/OneDrive/Documents/GitHub/WebDesign/quizSystem/src/java/DeleteQuizServlet.java</file>
            <file>file:/C:/Users/User/OneDrive/Documents/GitHub/WebDesign/quizSystem/src/java/SubmitQuizServlet.java</file>
            <file>file:/C:/Users/User/OneDrive/Documents/GitHub/WebDesign/quizSystem/src/java/beans/DBConnectionTest.java</file>
            <file>file:/C:/Users/User/OneDrive/Documents/GitHub/WebDesign/quizSystem/src/java/beans/RegisterServlet.java</file>
        </group>
    </open-files>
</project-private>
